{
    "enableWhitelist": false,
    "enableBlacklist": true,
    "baseHarvest": 0.0,

    "enableStatusVariation": true,
    "minimumVariableStatusAverage": 0.5,
    "maxVariableStatusAverage": 1.5,

    "increaseDamageTier": true,
    "damageTierIncreaseEveryDamage": 5,

    "rpgOverlayOverwriteLevel": true,
    "rpgOverlayIncreaseLevelEveryAdditionalHP": 3,

    "enableStatusIncreaseByHeight": true,
    "increaseStatsEveryDownHeight": 10,
    "baseStatusHeight": 110,
    "lifeStatsIncreaseEveryHeight": 0.1,
    "damageStatsIncreaseEveryHeight": 0.1,
    "lootStatsIncreaseEveryHeight": 0.1,
    "levelUPExperienceIncreaseEveryHeight": 0.1,

    "enableStatusIncreaseByDistance": true,
    "increaseStatsEveryDistance": 500,
    "lifeStatsIncreaseEveryDistance": 0.1,
    "damageStatsIncreaseEveryDistance": 0.1,
    "lootStatsIncreaseEveryDistance": 0.1,
    "levelUPExperienceIncreaseEveryDistance": 0.2,

    "enableStatusIncreaseByAge": true,
    "increaseStatsEveryWorldDays": 5,
    "lifeStatsIncreaseEveryAge": 0.1,
    "damageStatsIncreaseEveryAge": 0.1,
    "lootStatsIncreaseEveryAge": 0.1,
    "levelUPExperienceIncreaseEveryAge": 0.1,
    
    "levelUPSecondsPositionUpdate": 5,
    "enableExtendedLog": true
}