{
    "classHunterLevelMultiply": 0.5,
    "classBowLevelMultiply": 0.3,
    "classKnifeLevelMultiply": 0.4,
    "classAxeLevelMultiply": 1.3,
    "classPickaxeLevelMultiply": 2.0,
    "classShovelLevelMultiply": 2.0,
    "classSpearLevelMultiply": 0.6,
    "classHammerLevelMultiply": 1.0,
    "classSwordLevelMultiply": 2.5,
    "classShieldLevelMultiply": 2.0,
    "classHandLevelMultiply": 2.0,
    "classFarmingLevelMultiply": 0.7,
    "classCookingLevelMultiply": 0.5,
    "classPanningLevelMultiply": 0.5,
    "classVitalityLevelMultiply": 1.5,
    "classLeatherArmorLevelMultiply": 1.0,
    "classChainArmorLevelMultiply": 1.0,
    "classBrigandineArmorLevelMultiply": 1.0,
    "classPlateArmorLevelMultiply": 1.0,
    "classScaleArmorLevelMultiply": 1.0
}