{
    "bowEXPPerHit": 10,
    "bowEXPPerLevelBase": 100,
    "bowEXPMultiplyPerLevel": 1.3,
    "bowBaseDamage": 1.0,
    "bowIncrementDamagePerLevel": 0.1,
    "bowBaseDurabilityRestoreChance": 0.0,
    "bowDurabilityRestoreChancePerLevel": 2.0,
    "bowDurabilityRestoreEveryLevelReduceChance": 10,
    "bowDurabilityRestoreReduceChanceForEveryLevel": 0.5,
    "bowBaseChanceToNotLoseArrow": 50.0,
    "bowChanceToNotLoseArrowBaseIncreasePerLevel": 2.0,
    "bowChanceToNotLoseArrowReduceIncreaseEveryLevel": 5,
    "bowChanceToNotLoseArrowReduceQuantityEveryLevel": 0.5,
    "bowBaseAimAccuracy": 0.7,
    "bowIncreaseAimAccuracyPerLevel": 0.02
}
