{
    "game:armor-head-chain-copper": 0.3,
    "game:armor-body-chain-copper": 0.5,
    "game:armor-legs-chain-copper": 0.2,
    "game:armor-head-chain-tinbronze": 0.3,
    "game:armor-body-chain-tinbronze": 0.5,
    "game:armor-legs-chain-tinbronze": 0.2,
    "game:armor-head-chain-bismuthbronze": 0.3,
    "game:armor-body-chain-bismuthbronze": 0.5,
    "game:armor-legs-chain-bismuthbronze": 0.2,
    "game:armor-head-chain-blackbronze": 0.3,
    "game:armor-body-chain-blackbronze": 0.5,
    "game:armor-legs-chain-blackbronze": 0.2,
    "game:armor-head-chain-iron": 0.3,
    "game:armor-body-chain-iron": 0.5,
    "game:armor-legs-chain-iron": 0.2,
    "game:armor-head-chain-meteoriciron": 0.3,
    "game:armor-body-chain-meteoriciron": 0.5,
    "game:armor-legs-chain-meteoriciron": 0.2,
    "game:armor-head-chain-steel": 0.3,
    "game:armor-body-chain-steel": 0.5,
    "game:armor-legs-chain-steel": 0.2,
    "game:armor-head-chain-gold": 0.3,
    "game:armor-body-chain-gold": 0.5,
    "game:armor-legs-chain-gold": 0.2,
    "game:armor-head-chain-silver": 0.3,
    "game:armor-body-chain-silver": 0.5,
    "game:armor-legs-chain-silver": 0.2
}
