{
    "chainArmorEXPPerReceiveHit": 10,
    "chainArmorEXPMultiplyByDamage": 0.3,
    "chainArmorEXPIncreaseByAmountDamage": 20,
    "chainArmorEXPPerLevelBase": 200,
    "chainArmorEXPMultiplyPerLevel": 1.2,
    "chainArmorBaseDamageReduction": 0.0,
    "chainArmorDamageReductionPerLevel": 0.05,
    "chainArmorBaseDurabilityRestoreChance": 0.0,
    "chainArmorDurabilityRestoreChancePerLevel": 2.0,
    "chainArmorDurabilityRestoreEveryLevelReduceChance": 10,
    "chainArmorDurabilityRestoreReduceChanceForEveryLevel": 0.5,
    "chainArmorDamageLimit": 100
}
