{
    // Crops
    "game:crop-turnip-5": 40,
    "game:crop-turnip-4": 10,
    "game:crop-carrot-6": 20,
    "game:crop-carrot-7": 50,
    "game:crop-flax-9": 80,
    "game:crop-flax-8": 40,
    "game:crop-onion-7": 50,
    "game:crop-onion-6": 30,
    "game:crop-spelt-9": 80,
    "game:crop-spelt-8": 40,
    "game:crop-parsnip-8": 70,
    "game:crop-parsnip-7": 30,
    "game:crop-rye-9": 80,
    "game:crop-rye-8": 40,
    "game:crop-rice-10": 100,
    "game:crop-rice-9": 50,
    "game:crop-soybean-11": 120,
    "game:crop-soybean-10": 50,
    "game:crop-amaranth-9": 70,
    "game:crop-amaranth-8": 30,
    "game:crop-cassava-9": 80,
    "game:crop-cassava-8": 30,
    "game:crop-peanut-9": 70,
    "game:crop-peanut-8": 20,
    "game:crop-pineapple-16": 200,
    "game:crop-pineapple-15": 90,
    "game:crop-sunflower-12": 100,
    "game:crop-sunflower-11": 60,
    "game:crop-pumpkin-8": 120,
    "game:crop-pumpkin-7": 50,
    "game:crop-cabbage-12": 140,
    "game:crop-cabbage-11": 60,

    // Mushrooms
    "game:mushroom-fieldmushroom-normal": 10,
    "game:mushroom-almondmushroom-normal": 10,
    "game:mushroom-flyagaric-normal": 10,
    "game:mushroom-bitterbolete-normal": 10,
    "game:mushroom-blacktrumpet-normal": 10,
    "game:mushroom-chanterelle-normal": 10,
    "game:mushroom-commonmorel-normal": 10,
    "game:mushroom-deathcap-normal": 10,
    "game:mushroom-devilstooth-normal": 10,
    "game:mushroom-devilbolete-normal": 10,
    "game:mushroom-earthball-normal": 10,
    "game:mushroom-elfinsaddle-normal": 10,
    "game:mushroom-golddropmilkcap-normal-north": 10,
    "game:mushroom-greencrackedrussula-normal": 10,
    "game:mushroom-indigomilkcap-normal": 10,
    "game:mushroom-jackolantern-normal": 10,
    "game:mushroom-kingbolete-normal": 10,
    "game:mushroom-lobster-normal": 10,
    "game:mushroom-orangeoakbolete-normal": 10,
    "game:mushroom-paddystraw-normal": 10,
    "game:mushroom-puffball-normal": 10,
    "game:mushroom-redwinecap-normal": 10,
    "game:mushroom-saffronmilkcap-normal": 10,
    "game:mushroom-violetwebcap-normal": 10,
    "game:mushroom-witchhat-normal": 10,
    "game:mushroom-beardedtooth-normal": 10,
    "game:mushroom-chickenofthewoods-normal-north": 10,
    "game:mushroom-dryadsaddle-normal": 10,
    "game:mushroom-pinkoyster-normal-north": 10,
    "game:mushroom-tinderhoof-normal-north": 10,
    "game:mushroom-whiteoyster-normal-north": 10,
    "game:mushroom-reishi-normal-north": 10,
    "game:mushroom-funeralbell-normal-north": 10,
    "game:mushroom-deerear-normal-north": 10,
    "game:mushroom-livermushroom-normal-north": 10,
    "game:mushroom-pinkbonnet-normal-north": 10,
    "game:mushroom-shiitake-normal-north": 10,

    // Bush Berries
    "game:bigberrybush-blackcurrant-ripe": 10,
    "game:bigberrybush-redcurrant-ripe": 10,
    "game:bigberrybush-whitecurrant-ripe": 10,
    "game:smallberrybush-blueberry-ripe": 10,
    "game:smallberrybush-cranberry-ripe": 10
}
