{
    "knifeEXPPerHit": 10,
    "knifeEXPPerHarvest": 50,
    "knifeEXPPerBreaking": 10,
    "knifeEXPPerLevelBase": 100,
    "knifeEXPMultiplyPerLevel": 1.3,
    "knifeBaseDamage": 1.0,
    "knifeIncrementDamagePerLevel": 0.1,
    "knifeBaseHarvestMultiply": 0.5,
    "knifeIncrementHarvestMultiplyPerLevel": 0.08,
    "knifeBaseMiningSpeed": 1.0,
    "knifeIncrementMiningSpeedMultiplyPerLevel": 0.1,
    "knifeBaseDurabilityRestoreChance": 0.0,
    "knifeDurabilityRestoreChancePerLevel": 2.0,
    "knifeDurabilityRestoreEveryLevelReduceChance": 10,
    "knifeDurabilityRestoreReduceChanceForEveryLevel": 0.5
}
