{
    "game:armor-head-scale-copper": 0.3,
    "game:armor-body-scale-copper": 0.5,
    "game:armor-legs-scale-copper": 0.2,
    "game:armor-head-scale-tinbronze": 0.3,
    "game:armor-body-scale-tinbronze": 0.5,
    "game:armor-legs-scale-tinbronze": 0.2,
    "game:armor-head-scale-bismuthbronze": 0.3,
    "game:armor-body-scale-bismuthbronze": 0.5,
    "game:armor-legs-scale-bismuthbronze": 0.2,
    "game:armor-head-scale-blackbronze": 0.3,
    "game:armor-body-scale-blackbronze": 0.5,
    "game:armor-legs-scale-blackbronze": 0.2,
    "game:armor-head-scale-iron": 0.3,
    "game:armor-body-scale-iron": 0.5,
    "game:armor-legs-scale-iron": 0.2,
    "game:armor-head-scale-meteoriciron": 0.3,
    "game:armor-body-scale-meteoriciron": 0.5,
    "game:armor-legs-scale-meteoriciron": 0.2,
    "game:armor-head-scale-steel": 0.3,
    "game:armor-body-scale-steel": 0.5,
    "game:armor-legs-scale-steel": 0.2
}
